case,r_dR,e_norm,area_abq,area_cf,area_abs,area_rel,x_c_abq,x_c_cf,x_c_abs,x_c_rel,y_c_abq,y_c_cf,y_c_abs,y_c_rel,I_xx_abq,I_xx_cf,I_xx_abs,I_xx_rel,I_yy_abq,I_yy_cf,I_yy_abs,I_yy_rel,I_xy_abq,I_xy_cf,I_xy_abs,I_xy_rel
val_rd50_e000,0.50000000,0.00000000,2.35687501,2.35619449,0.00068052,0.00028882,0.00000000,-0.00000000,0.00000000,,-0.00000000,-0.00000000,0.00000000,,0.73650262,0.73631078,0.00019184,0.00026054,0.73650262,0.73631078,0.00019184,0.00026054,0.00000000,0.00000000,0.00000000,
val_rd50_e050,0.50000000,0.50000000,2.35687501,2.35619449,0.00068052,0.00028882,-0.08326704,-0.08333333,0.00006630,0.00079554,-0.00000000,-0.00000000,0.00000000,,0.73650262,0.73631078,0.00019184,0.00026054,0.67109896,0.67086093,0.00023803,0.00035481,0.00000000,0.00000000,0.00000000,
val_rd50_e095,0.50000000,0.95000000,2.35687501,2.35619449,0.00068052,0.00028882,-0.15820737,-0.15833333,0.00012596,0.00079554,0.00000000,-0.00000000,0.00000000,,0.73650262,0.73631078,0.00019184,0.00026054,0.50039542,0.50003683,0.00035859,0.00071712,-0.00000000,0.00000000,0.00000000,
val_rd70_e000,0.70000000,0.00000000,1.60187502,1.60221225,0.00033723,0.00021048,0.00000000,-0.00000000,0.00000000,,0.00000000,-0.00000000,0.00000000,,0.59681375,0.59682406,0.00001031,0.00001728,0.59681375,0.59682406,0.00001031,0.00001728,0.00000000,0.00000000,0.00000000,
val_rd70_e050,0.70000000,0.50000000,1.60187501,1.60221225,0.00033724,0.00021048,-0.14420601,-0.14411765,0.00008836,0.00061310,0.00000000,-0.00000000,0.00000000,,0.59681375,0.59682406,0.00001031,0.00001728,0.52885216,0.52891022,0.00005806,0.00010977,-0.00000000,0.00000000,0.00000000,
val_rd70_e095,0.70000000,0.95000000,1.60218751,1.60221225,0.00002474,0.00001544,-0.27373342,-0.27382353,0.00009011,0.00032908,-0.00000000,-0.00000000,0.00000000,,0.59701767,0.59682406,0.00019361,0.00032439,0.35178570,0.35165510,0.00013060,0.00037140,-0.00000000,0.00000000,0.00000000,
